abc,123,이지은,1,1,jamesol01@paran.com,010-1111-1111,null,반포 자이 아파트 103동 502호,1000,20191205,jam
def,123,박지은,1,1,jamesol02@paran.com,010-2222-2222,null,반포 자이 아파트 103동 502호,2000,20191205,jam
choi,123,최지은,1,1,jamesol03@paran.com,010-3333-3333,null,반포 자이 아파트 103동 502호,3000,20191205,jam
jkl,123,홍지은,1,1,jamesol04@paran.com,010-4444-4444,null,반포 자이 아파트 103동 502호,4000,20191205,jam
mno,123,곽지은,1,1,jamesol05@paran.com,010-5555-5555,null,반포 자이 아파트 103동 502호,5000,20191205,jam
kill,kill01,죽인다,1,1,0,0000,null,진짜죽어,0,20191205,0
apple,apple01,apple,1,1,0,01049494949,사과좋아,사과101호,0,20191205,0
dddddddd,dddd,ddddd,1,1,0,0000000000,ddddd,ddddd,0,0,0
abc,dddd,dddd,1,1,0,0123456789,ddddd,dddd,0,0,0
ddddddd,ddddd,ddd,1,1,0,0123456789,dd,ddd,0,0,0
ddddd,dddd,ddd,1,1,0,0101234567,ddd,ddd,0,0,0
ddd,ddddd,ddd,1,1,0,0123456789,ddd,dd,0,0,0
abc,dddd,ddd,1,1,0,0123456789,ddd,d,0,0,0
aaaaa,ddddd,dddd,1,1,0,0123456789,ddd,ddd,0,0,0
abdfsf,ddddd,dd,1,1,0,0123456789,dddd,ddddd,0,0,0
abcabc,aaaaa,ddd,1,1,0,0123456789,ddd,ddd,0,0,0